Client 1,Country 1,https://picsum.photos/id/1/135/80,Basic description 1 
Client 2,Country 2,https://picsum.photos/id/1/135/80,Basic description 2
Client 3,Country 3,https://picsum.photos/id/1/135/80,Basic description 3
Client 4,Country 4,https://picsum.photos/id/1/135/80,Basic description 4
Client 5,Country 5,https://picsum.photos/id/1/135/80,Basic description 5
Client 6,Country 6,https://picsum.photos/id/1/135/80,Basic description 6
Client 7,Country 7,https://picsum.photos/id/1/135/80,Basic description 7
Client 8,Country 8,https://picsum.photos/id/1/135/80,Basic description 8
Client 9,Country 9,https://picsum.photos/id/1/135/80,Basic description 9
Client 10,Country 10,https://picsum.photos/id/1/135/80,Basic description 10
Client 11,Country 11,https://picsum.photos/id/1/135/80,Basic description 11
Client 12,Country 12,https://picsum.photos/id/1/135/80,Basic description 12
Client 13,Country 13,https://picsum.photos/id/1/135/80,Basic description 13